,Design Power (kW),Design T41t (degK),Design OPR (-),Design altitude (ft),Design Mach (-),Limit OPR (-),Limit ITT (degK),Altitude (ft),Mach (-),Max Power OPR Limit (kW),Max Power ITT Limit (kW)
0,1969.687182223593,1352.345584940691,11.212547942181084,0.0,0.0,13.634157865425802,1273.15,8687.65910552381,0.11297155215007185,2115.705723636972,3456.928911403081
1,1311.8942533651355,1294.0234021685237,16.28237111616235,0.0,0.0,17.168231309251016,1273.15,9743.885330323128,0.566811552841755,1561.0138958468578,4569.651217394468
2,717.0296925579664,1401.7838439743282,7.0,0.0,0.0,7.696615964474595,1265.8830737220915,22502.72997609948,0.32964532943603636,392.4826689540014,635.2908813357134
3,751.5687839964155,1053.6642359985262,7.0,0.0,0.0,8.164945474634978,958.15,25159.982418672796,0.2589236557530986,438.8558289687929,1045.313258094824
4,1331.147633128777,970.5093569396408,8.745045639150963,0.0,0.0,11.218404596805458,958.15,627.0532512927492,0.19231519920372192,3353.672453845349,6714.3270258052435
5,999.8453811312658,1002.4991988952125,8.095907893326837,0.0,0.0,10.52331609559382,958.15,29004.95496938353,0.5612540018014729,974.5409660462345,2247.7715459091646
6,765.8541691706921,1006.0174770470139,7.0,0.0,0.0,8.25330452022205,958.15,5311.7618024813055,0.12634863742724436,1076.373627974231,1896.7625833112138
7,1294.0539916243554,1388.1211859529408,16.14522254849676,0.0,0.0,20.092553804031464,1273.15,34982.58017990967,0.4656316198452669,550.5507466497087,1639.8012929168515
8,1286.9910564829022,1405.8072072139894,16.933873732045704,0.0,0.0,20.72553248102293,1273.15,25514.99982205694,0.09324179747428453,660.2600021553832,1927.4223220219503
9,665.0798116924154,975.1538507077175,9.124740055477567,0.0,0.0,9.564379776021687,958.15,16405.228015387856,0.3662940715864902,557.7242790648376,2842.871843920391
10,2478.464508451578,1298.9112524690204,11.24429782927036,0.0,0.0,12.658781921290203,1273.15,4825.145473380979,0.08763163113183342,2678.9469884365512,5687.11570510169
11,1319.2599669727847,972.7175514600814,9.319131922895247,0.0,0.0,11.487311692941171,958.15,3167.6430706408755,0.5652132154861754,4448.320679203921,8259.991716920644
12,1077.15222860074,1122.2482369224126,7.0,0.0,0.0,8.77976580607139,1075.9052459588936,28534.277079437747,0.5327728000324758,818.821279653007,1573.4026061212403
13,1560.311597280125,1332.1988324964836,20.576829118629956,0.0,0.0,21.077533191870987,1273.15,8277.636699008557,0.40243592385869636,1514.5077186008125,6003.30615394266
14,867.7707837958923,984.2233365591735,7.0,0.0,0.0,8.353750258039515,958.15,4641.180488511994,0.5295805542384111,2050.571526669382,2946.971422031717
15,1324.6477896195452,1149.719308674412,9.0937464023768,0.0,0.0,9.233800192275,1141.7462860183336,14463.932047735974,0.2985925120330346,883.0931638708647,3078.6195925447323
16,1635.515113700402,1135.0104223177905,7.103380012126239,0.0,0.0,7.908704454696416,1107.3442087933308,3031.6771435999926,0.18171736458574456,2033.7974721252335,3584.427410366332
17,2028.8891110209709,1299.0805062870527,12.645241730006807,0.0,0.0,15.41350915750366,1273.15,7814.7837504171675,0.5481878477858192,3244.6647126496373,5462.69024087003
18,1028.0106806593055,969.3306907399358,7.0,0.0,0.0,8.941749925664915,958.15,7141.6988293443355,0.3194367073856111,2032.7910060070185,3383.9176525713656
19,2343.344805931909,1363.376402560555,13.47707962789798,0.0,0.0,15.81857872496335,1273.15,903.1839051974077,0.3567850175734069,3700.752480668383,5450.631158360264
20,1593.1091893631249,1417.0968685295034,15.388247992742514,0.0,0.0,17.169659911760423,1273.15,16972.223196604515,0.43901656374560477,1260.1167133801798,2653.653455706855
21,2279.5051403606008,1393.4718766247174,13.099343554801576,0.0,0.0,14.490942182690894,1273.15,19157.019085573356,0.12205123018365416,1301.7523637927723,3242.3973445933507
22,1880.3768212004636,1398.7395702719177,19.896837499008537,0.0,0.0,21.607321238193734,1273.15,33798.86556654826,0.48153606458520004,669.0692428640438,2898.6746045333007
23,1930.235647359461,1345.297492039149,13.440825686641722,0.0,0.0,14.465375083870581,1273.15,32836.95200569344,0.1417867551537496,545.1573350672211,2443.016410275916
24,853.8951658319306,1257.5767170253425,10.930788510578589,0.0,0.0,12.852678786822242,1244.3000988056542,31369.40758080939,0.21116731546662043,329.23846578890283,1246.5827005097233
25,2571.057949133178,1364.1914720978984,14.027021357373096,0.0,0.0,17.630621885750035,1273.15,17045.53770580874,0.11477344377918972,2055.5954717649606,4465.658250029878
26,737.6437330523897,1007.2881679961802,7.0,0.0,0.0,8.35993902966231,958.15,3449.591505516195,0.1561804564606591,1174.364351980391,1866.2451693228359
27,1933.0485842243602,1403.1062004530231,18.34762938372234,0.0,0.0,20.62263116240538,1273.15,7325.395685546098,0.5350986842972472,2611.755243154009,4989.960301722114
28,2295.3278892809667,1184.012759084732,14.996906626782183,0.0,0.0,16.416412318580345,1155.7409767719896,11244.205560504026,0.47129926791915844,2657.4412831593154,9207.908854451885
29,1255.1039516031062,1352.9963342944056,12.442069231923584,0.0,0.0,14.404277794290234,1273.15,23573.261447979807,0.21805224249201316,674.163532272336,1823.2831583096179
30,672.7803522107496,1087.4769888486107,7.0,0.0,0.0,7.894478104816337,995.9489926425615,6415.058644034287,0.07529171478434854,739.5292336994471,1185.74933371868
31,861.929492435517,1360.1564001058946,8.326888011714571,0.0,0.0,10.073739033242441,1273.15,29878.406799147986,0.405927656483175,434.2989100751078,836.2895366794559
32,2168.9529400377437,1283.3230819942905,12.932431725088717,0.0,0.0,15.515037525674364,1273.15,30787.952711214974,0.07592767832638105,840.8567178709075,3490.6961686898035
33,2629.7183542553157,1329.3005469009076,16.021445859067732,0.0,0.0,17.51969580131762,1273.15,4414.742506417736,0.2787942746808199,2995.5379395492464,7747.665606499408
34,1959.5856516709734,1370.1889989703313,10.543674003389915,0.0,0.0,10.975480488187907,1273.15,26456.66864060007,0.3338928845460189,812.1074680393527,2279.3104065554617
35,1756.4624086634171,1378.3013556468236,13.162007370128995,0.0,0.0,14.637650267120627,1273.15,29959.76039983608,0.47201986035466226,794.6644078939098,2232.84991765591
36,1669.6925912984432,1325.6895917365741,18.58881295734958,0.0,0.0,21.468803109250366,1273.15,16936.058460717766,0.48295452836374686,1553.5520152449312,4946.230238038844
37,1244.1851100297959,1389.7429418450056,11.914087512081068,0.0,0.0,13.344591273052687,1273.15,21142.38035085375,0.09268903372797971,661.7259957742133,1599.0347532937735
38,2108.066099296033,1336.5601887502257,12.25865625808265,0.0,0.0,15.871385848003639,1273.15,34643.999416496736,0.26263589807085275,840.5802753102039,2473.2162032846686
39,2452.5419633188767,1384.3019192514566,15.154427745537536,0.0,0.0,18.742888392729476,1273.15,23362.20931960798,0.5993105763928324,2111.0334396346484,4144.678943974239
40,1224.4581763190151,1106.682722269568,7.762702289182695,0.0,0.0,8.553605997222581,1019.5395060558561,8081.084777026562,0.4129299802710205,1524.8969191314848,2512.8891428148377
41,686.6595708688611,1051.4246177293878,7.458494477108846,0.0,0.0,8.234345055369744,958.15,1020.270045357374,0.44525443337141674,1250.9999859604857,1649.6198602404559
42,1180.166153371243,1278.0633534370427,18.580971389551532,0.0,0.0,23.279670618868153,1190.467526442665,14105.49441212267,0.39967152720906685,1389.9043519868162,3783.393939213969
43,434.4259657898319,1001.0087752066734,7.0,0.0,0.0,7.293171544866687,958.15,13246.437180274017,0.31620848039867316,354.2317231326449,1040.8296815822534
44,712.6596501414375,1014.6706953830909,7.0,0.0,0.0,7.923251156296228,958.15,15225.60023543691,0.21485767275217266,607.79054792086,1468.0667524558698
45,605.7244859405375,983.5004163591957,7.0,0.0,0.0,8.521074303589488,958.15,5870.214441629565,0.5263616712443242,1420.8760931250006,2026.5406252938237
46,2710.389219732479,1389.3792323499301,16.14577815599802,0.0,0.0,20.106105688501703,1273.15,21300.042125449523,0.23117666495911288,1846.0101895865798,4549.13156773029
47,1514.9997856617401,1039.4874999568246,9.38312697626312,0.0,0.0,10.89834541286478,958.15,31184.08393423935,0.4086229556859451,786.7121871389352,2939.375762352334
48,885.782553164257,1267.7074553782304,7.279605027657069,0.0,0.0,7.984995825211205,1240.0269767601262,9241.383751078396,0.11547653863525716,777.4249783439654,1429.2215214568005
49,2146.187317244064,1287.7798128001896,12.44811695527287,0.0,0.0,15.41324833674607,1273.15,25231.312947700397,0.3598617060130292,1366.7168166212464,3911.9131206662623
50,985.9664650399349,1216.3424835370515,7.0,0.0,0.0,8.257589294567378,1133.4772735070082,26715.92717475656,0.40713759925248444,591.1563895840574,1118.8113185451164
51,1807.5949644001853,1278.7383071058284,15.6573469890827,0.0,0.0,19.401229560279766,1273.15,7000.975479472358,0.1464255481392448,2264.7659376232764,6204.947920700897
52,711.6685492737869,1388.7311804291212,7.602625471225605,0.0,0.0,8.992326842398944,1273.15,30300.877281471414,0.32081326869531646,310.5663915339066,580.4534531427188
53,1256.0268396895187,1340.6467120639081,14.349026862160153,0.0,0.0,14.755797228455197,1273.15,34264.60486768479,0.33603532397472946,337.71165844708554,1678.3589379411803
54,1254.3807795694802,1312.6579425215582,7.186612143950258,0.0,0.0,8.671051532544329,1273.15,16869.08098926535,0.501480036947548,1303.8094755467814,1807.5527698028334
55,1477.8496360953732,1368.1600860186713,14.781020323972522,0.0,0.0,16.242602485835917,1273.15,25888.708477915792,0.5627669920746391,887.9882885660098,2410.1248690645
56,1438.2969478999444,1394.8290255109146,16.615140881284034,0.0,0.0,17.314212712444945,1273.15,28620.476899686866,0.45572929374373095,598.6524965713664,2157.5126150305077
57,1522.7265132907366,1300.0915601331367,13.954023954496625,0.0,0.0,17.19150870473692,1273.15,19483.54840876282,0.21193867708726538,1121.719363106833,3257.899700253931
58,1888.3411290021058,1315.5702421184578,14.628825923506092,0.0,0.0,16.98023915926396,1273.15,28912.484397472403,0.29082729755844,829.2585346669175,3213.8419469829387
59,854.8712154916171,993.0160981986884,8.854401834224873,0.0,0.0,10.148318359439099,958.15,21696.073066541718,0.17387775347507367,572.6387504216677,2528.55024298756
60,1064.6947632760646,1285.5197305135562,10.4157159406977,0.0,0.0,11.922817883160631,1244.142849902239,3952.129706356401,0.08733477908741355,1236.463980829553,2288.23505930744
61,2476.6508769933735,1335.434818752262,15.517758927632995,0.0,0.0,19.364273177883856,1273.15,22669.842956545664,0.4478614729149313,1929.1157262194552,4961.463584733802
62,775.6984678439629,1000.2415996398664,7.031639151641939,0.0,0.0,7.374010386257246,968.421139072683,14396.768612142838,0.3081148968491437,606.6993603868707,1900.712954713602
63,1212.3962579312144,1416.6485351588171,10.923398382460467,0.0,0.0,11.430508174987523,1273.15,1080.321934151742,0.3223802213947561,1479.3068964989131,1990.9380189862122
64,2036.3814010735925,1283.4615274731623,18.121642012892003,0.0,0.0,18.908371929417466,1273.15,9547.355022722659,0.19350160907604602,1631.1201165891184,7983.83406752956
65,1005.7784750434519,1043.1353068362052,10.636986879744134,0.0,0.0,13.60478595687216,1006.7009216765792,2695.9001125901104,0.22648012161134157,2129.66049274895,4467.244414299287
66,2514.753107566517,1338.2496923979015,20.119031774351182,0.0,0.0,24.53071423227329,1273.15,18688.458812010103,0.4861593256556558,2412.660791981185,7406.465014138896
67,575.945581989604,1174.1345580355937,7.0,0.0,0.0,8.051264905328658,1086.6800859047812,6120.356402785326,0.43174373289595946,834.6164965669057,1033.297655177676
68,2253.684864618332,1338.8094402635647,13.681662086854868,0.0,0.0,15.559594071886734,1273.15,33881.00075335631,0.2530977975337855,717.3823556237675,2909.5120521812923
69,707.548775485735,1176.0639158665226,9.586740678853785,0.0,0.0,11.676673586723107,1103.3688022076728,16482.904159722922,0.5459246057755291,853.0355771431131,1441.0603750149298
70,851.3856988481024,1045.178063922141,10.13800964609199,0.0,0.0,13.100838364777314,958.15,26016.826422890947,0.18084178897058367,613.164202991391,1932.3027467181662
71,728.6157995312868,1370.5623723758854,10.352198472175086,0.0,0.0,10.48232920603141,1273.15,2741.583831243234,0.17107924633261157,702.9556410293742,1260.5421489331993
72,1597.7262967883767,1353.389318760343,17.41177362215517,0.0,0.0,18.772417452274265,1273.15,6338.730950682898,0.35771801312819423,1745.7240404610116,4619.212614115165
73,988.8288644253963,994.5144894411183,11.190654590561637,0.0,0.0,14.32194685240179,958.15,3703.560193745733,0.46118044988877743,3360.136242614113,7483.4736284533365
74,1900.4721734318055,1320.9300496634846,15.064760192868727,0.0,0.0,17.644068082647188,1273.15,24023.3773966006,0.12310167469546852,981.4892255132911,3608.637654842004
75,1793.492480633285,1145.1326469904047,18.11702038064113,0.0,0.0,23.3225647107797,1107.3340523506831,10138.837693807653,0.1310277652145447,2917.5764599463023,13061.704390165423
76,1413.7971439850346,1233.3958650071809,7.0,0.0,0.0,7.671424166793901,1132.1954254262516,5326.924625388129,0.25709434725920444,1577.5532118331676,2115.0071496150417
77,1170.32997200388,1059.9609431053696,7.981507152406157,0.0,0.0,9.925385849576891,958.15,1796.6493065573072,0.13619472274745686,2064.5203888857272,2529.4705786266186
78,741.6101862390013,1009.7989113812899,7.866012962306512,0.0,0.0,9.721528760725363,958.15,9851.935448183967,0.183817514373677,1013.7914454586636,1977.5098094562707
79,1443.03804128649,1363.5022589513987,13.165644735174451,0.0,0.0,13.25022575231105,1273.15,14806.381261745133,0.0794050886753435,815.2634018232378,2480.0454230110736
80,1360.0281256086505,1057.1857528056012,7.0,0.0,0.0,8.791152042133605,958.15,8345.66733458738,0.07685008044359606,1845.7302842357947,2363.09814818625
81,894.8791940082505,1357.9902185357787,10.625903704323841,0.0,0.0,12.699241392275535,1273.15,5547.213619841118,0.420505404746403,1306.0901218617498,1684.7775627489873
82,606.331497047956,1016.6176875919427,9.680982806681572,0.0,0.0,11.259912961892967,958.15,12223.023665336026,0.2344809490058707,679.4209170803797,2087.2186036490466
83,1357.7465664901224,1103.3565552212795,10.992091733485772,0.0,0.0,11.94450607790763,1025.5304169863575,13664.67667689251,0.3305420183288204,1192.3096776228185,3737.417057336246
84,679.8451533572648,1249.369510458917,7.0,0.0,0.0,7.634993842370742,1185.9097124386667,32707.658008816867,0.21713878601937747,216.64994011092335,632.4937161508467
85,1280.5409810473873,1283.9178361017207,11.488895424963138,0.0,0.0,13.533109839983531,1273.15,27379.341943464224,0.45782445323495696,740.5233725275884,2160.2578650578744
86,2541.6738866213695,1386.2846690781062,18.811140135062963,0.0,0.0,22.624529764786427,1273.15,23700.246319714213,0.4960243291835398,1840.4736657211706,5078.936053694081
87,424.9590794406209,1002.0038753994822,7.0,0.0,0.0,9.033044123699826,958.15,9436.195109660006,0.3356802312794169,747.1001484667603,1083.2727490263715
88,2115.151068984444,1368.451748753102,14.470606266529849,0.0,0.0,14.78998641206971,1273.15,20382.226182029695,0.5595690879454542,1427.868484942271,3830.4210078892434
89,2015.203614122312,1198.2189831820601,16.078157077306436,0.0,0.0,18.27093826389759,1166.623397349238,24312.087490105623,0.10136455567205457,998.2077419675851,5851.795206077957
90,1128.3625488676873,1381.6773838047643,12.671216041268,0.0,0.0,15.900393120214723,1273.15,15367.579931743983,0.5693005317364678,1373.7641497781976,1967.380846267928
91,588.1717674017699,960.3299922362228,7.0,0.0,0.0,7.733212097764454,958.15,23742.206193627415,0.1871623947341215,323.48387872722105,1493.2835959140325
92,2337.212841890761,1169.8133929308397,12.219920590525714,0.0,0.0,12.552419689972986,1120.5804879812304,18998.017416085375,0.5130039137595586,1708.2774613644306,6090.857485676288
93,2412.4254723497365,1422.5054127488602,11.633659612952574,0.0,0.0,13.061219535394962,1273.15,31644.617342121288,0.06981847943881715,778.3045407939651,2189.503694308845
94,2284.8349074550165,1408.6020552343311,14.224565682030619,0.0,0.0,15.067373651434286,1273.15,26369.181189959647,0.11930578878733682,857.9601741717196,2847.537741606141
95,1661.255156121282,1251.8041477649888,13.642655093384795,0.0,0.0,16.954565621840676,1129.6172860366505,22358.087673310438,0.11791612325683415,1068.8199834359013,2839.982854727297
96,1498.2137933789866,1351.940067133749,9.509708784782855,0.0,0.0,10.145410262438906,1273.15,26649.378633598964,0.3773200769198116,675.8001877495947,1734.826563247317
97,1057.4486632166202,1282.8395141877572,10.016877127518642,0.0,0.0,10.652645325754833,1273.15,2221.22620862176,0.5684179846125003,1704.3759276021815,2841.377281745164
98,1294.0665054213268,1055.3732363512859,8.604282404810055,0.0,0.0,9.805612891907922,958.15,1364.8740535018396,0.1330277662809478,1883.6141131789093,3171.355794217143
99,1820.2978573123798,1413.0267638432092,12.790311384969245,0.0,0.0,13.042331140245908,1273.15,4599.108477965255,0.3037961098225655,1794.7432516362462,3175.165451251818
100,1096.8728411080822,1022.4148656361399,8.385379874520691,0.0,0.0,10.656325844597427,958.15,29196.496838536084,0.4546331180529109,838.2945307004094,2175.549721665715
101,1072.3108652376409,1118.0067525519012,8.781533227669318,0.0,0.0,10.22288628050945,1088.4031362613387,20560.51556816064,0.25545506277755187,742.5179158588817,2157.005838887404
102,1109.4188479410002,1275.0362875217888,11.50540454882354,0.0,0.0,14.813434681367447,1273.15,32682.73956763696,0.17238117578369402,469.6168804959843,1605.7403279970742
103,1015.1736867800969,1017.3795185214354,7.0,0.0,0.0,8.315629307851433,958.15,16689.45479542517,0.068861829569053,858.8091109489524,1959.5641815938263
104,1012.7422635156145,1139.3227905708495,7.0,0.0,0.0,7.302001657173817,1108.9953946340381,26198.797957594794,0.31278686439823683,429.55064235891604,1460.2506008943208
105,1715.0953815595356,1349.2928236412185,13.370672504607565,0.0,0.0,15.469384205545463,1273.15,21482.60925542157,0.5302788025688097,1336.6916231498847,3013.2197483853415
106,588.3017680133246,998.3056137069694,7.0,0.0,0.0,7.230200859330587,958.15,401.59388763963995,0.06662728594446315,659.2110758941894,1619.428346126463
107,2068.2140126529725,1387.3645426499306,13.877539512553277,0.0,0.0,15.67691197592899,1273.15,27542.862672387993,0.18227164652410793,856.5928551487045,2657.349062449553
108,1396.534855972246,1271.2218179917195,8.830728100074701,0.0,0.0,9.582377770437462,1235.1384176841557,10673.302504364934,0.14698991275251005,1136.816589369298,2452.572149071434
109,2128.2697054401424,1360.8732341013647,18.793187383565517,0.0,0.0,21.43187496311274,1273.15,2562.308360481511,0.4727065011914184,3389.9613009287887,7243.14075896081
110,2231.683821838756,1315.2894519776619,13.22737030734889,0.0,0.0,15.103228552054544,1273.15,4126.927418739061,0.22037775681600474,2687.2766728568686,5675.391136542415
111,2690.4328628229537,1307.9623263694311,16.13536542114828,0.0,0.0,19.561032921783667,1273.15,14283.935924327963,0.46901264005141885,3009.631597689024,7644.864225890386
112,2498.901695290777,1345.6927814765804,11.105660134468298,0.0,0.0,11.868626990138237,1273.15,14189.691892505627,0.435122886862041,2082.3964059631,4342.667589929808
113,1571.2955161012644,1409.6863373535862,11.966243031013457,0.0,0.0,13.02422645941131,1273.15,26091.151300973957,0.5815257452344782,928.9502785210097,1925.8633771433306
114,1105.0113352342184,1335.13810963054,11.260833914958942,0.0,0.0,11.590404098966285,1273.15,12431.519404196259,0.1673886810505399,747.7340617471975,1956.7344375159155
115,3311.0941307897638,1373.8166694583665,15.48758722554354,0.0,0.0,17.55245017807735,1273.15,6469.302478403863,0.1659605860912446,3445.2735631434343,7377.868289012149
116,1960.147676639515,1280.5904362223505,11.812530459291924,0.0,0.0,14.894990757486108,1273.15,736.1305746877601,0.2635011029915795,3395.597792947292,5557.497915013045
117,852.1770786227993,1334.3552315100787,9.371061525409061,0.0,0.0,12.008974106574026,1273.15,9685.74796740182,0.14042922416584372,995.7770687839035,1380.420196408967
118,718.9662942430527,959.7808281622057,7.0,0.0,0.0,8.862642676162919,958.15,3413.861072616159,0.35101940481456223,1717.05140378081,2731.476266047202
119,823.5647320256143,993.18662655518,9.850711673408506,0.0,0.0,11.269711182590493,958.15,25089.523079927156,0.521971759218465,762.3092141171173,2977.127728526771
120,2796.818702536186,1387.5754335354359,16.181765114217278,0.0,0.0,19.066885714208855,1273.15,19652.53600473367,0.05678343757782654,1739.3788723516604,4821.412413673029
121,639.2749149500214,982.9971564041047,7.0,0.0,0.0,8.336747733818996,967.026219818,13416.527316544483,0.29351958790975335,760.8119037871077,1763.6745507786884
122,1057.0788005946333,1306.9376084589649,9.775573935121315,0.0,0.0,11.058707053287543,1273.15,9207.570722588976,0.5543403060948356,1408.2554144220042,2230.9958054106473
123,1928.5005602397175,1297.4105389922875,11.373607285768356,0.0,0.0,14.115587795292486,1273.15,4913.369671745893,0.4795936339542495,3317.689086926005,4922.6661166450085
124,503.43559751833504,959.9730298490076,8.165907767065642,0.0,0.0,10.073913039571673,958.15,9165.923755377898,0.07196354593587116,746.5372377897016,2145.9721543628343
125,1683.4048608400471,1017.1713848990601,7.189782022194846,0.0,0.0,7.31802023458446,958.15,1441.0053219250647,0.24196690398621729,1924.3338152593951,4320.3028023047655
126,540.2027165694913,1020.7728126620622,7.0,0.0,0.0,7.206947202843938,958.15,26767.695461940602,0.16032826092399843,190.93144178118044,856.3295705252175
127,548.7645894500185,1005.0054357388024,7.0,0.0,0.0,8.975545777844522,958.15,23965.729056616827,0.5671179341192171,656.8058351301828,1158.633011048425
128,2135.3028863025265,1318.6336431655432,17.91013952163516,0.0,0.0,19.80563159955787,1219.6660432935173,31066.46682742329,0.08437005633258858,676.1373498333804,3656.2463259852107
129,1471.6090647410906,1278.0978568839755,11.605816438462785,0.0,0.0,13.69981054533773,1273.15,21730.35887308609,0.39309592051303854,1042.5827592489243,2878.417014883611
130,1097.533150110714,1015.2139799524618,10.709597753051439,0.0,0.0,13.563470773762264,958.15,23468.41056926887,0.5640549693780572,1484.5842368628596,4067.6863784439265
131,1563.8479577672915,1273.8608054863444,11.080683064373662,0.0,0.0,13.353622224140349,1170.8547684127016,4201.743131867268,0.34649043695126835,2313.5261409548343,3180.284589309374
132,1769.5674863700247,1278.9862370886985,12.263788380710476,0.0,0.0,14.526286967363099,1273.15,5121.606782796536,0.19719249971060376,2197.912101950394,4804.139581034922
133,2309.723346278929,1385.322976892288,16.457621969296376,0.0,0.0,21.37196630011568,1273.15,12985.515140215146,0.311509555042932,2567.7942969597893,4794.891205625372
134,1397.6678251076069,1375.4618354221916,15.425511257615021,0.0,0.0,17.003801681181827,1273.15,12887.791855840247,0.368625137645875,1216.313722938685,2873.139383002084
135,1932.9964826455926,1385.8953222753303,10.63377891204555,0.0,0.0,11.157766236119526,1273.15,17545.508439320973,0.1553596446181326,1081.2422407099407,2494.3287777072524
136,711.3537527007767,1305.9272909590577,8.321577419278324,0.0,0.0,9.405665524211209,1273.15,2079.747437992431,0.4513041356828033,1137.3345010471953,1472.6905056842486
137,1138.5351554868846,1356.8028041791463,12.099682442833515,0.0,0.0,14.799866117763287,1273.15,18593.29438646568,0.45002668994996375,1015.1305608975404,1871.7512170358425
138,1762.8672991844353,1357.6544085322607,10.426856576793964,0.0,0.0,12.781069056694147,1273.15,28207.02557448592,0.0544238310727242,804.9121172642033,1958.3474431531815
139,1362.1544580111884,1395.0832179195718,11.15467480661061,0.0,0.0,13.400766267409816,1273.15,28735.383291892344,0.29160068509173465,638.5667654996997,1434.358683118652
140,1548.2276211631709,1268.413263183585,7.7425857345360445,0.0,0.0,9.275195428967557,1152.9358118770333,26870.19576997487,0.370646838229475,889.3541793984351,1571.9834685587382
141,1935.984897782335,1300.3762783446682,18.52848119947867,0.0,0.0,20.451252602369117,1273.15,27465.9763384851,0.38624729962383875,905.5878697701838,4693.479221326938
142,766.0697399817191,1048.8296164712474,7.0,0.0,0.0,7.272362418220253,958.15,2262.6487245162016,0.33896891124065925,988.6397032191974,1629.3607684754559
143,1337.2125968031703,1340.9019134264386,10.229419938203135,0.0,0.0,10.419940169070061,1273.15,15631.676309745846,0.2594849079271413,816.7655132988372,2064.0451329212015
144,1144.763616632572,1378.9207960033054,14.2273639211871,0.0,0.0,14.274637581358906,1273.15,31753.47938152773,0.574361910705016,441.5809632980459,1515.9998238980747
145,1532.4727218954708,961.8483323938585,9.700637318029791,0.0,0.0,12.127461218529472,958.15,2842.4650573762856,0.2699063550342268,3965.55632320563,10972.538437630064
146,1783.4653439234835,1414.4869438294195,18.41487156763551,0.0,0.0,21.05990655939684,1273.15,29458.469599060823,0.12952306286133758,667.937128109766,2578.7307664940577
147,1581.7840024910151,1056.0205503501452,8.605661896186342,0.0,0.0,9.63710440748692,1031.3598610279723,10183.790057161797,0.4699911318477573,2131.241997993371,4848.020827809656
148,1473.0131695676687,1328.6117180982023,19.956745960227487,0.0,0.0,25.878302137119306,1273.15,15789.39284187251,0.10183290846165344,1372.7278691936654,4557.622052060426
149,874.8779411321334,1009.6661827739166,7.0,0.0,0.0,7.451699491054268,958.15,30604.27793413101,0.3456611789610494,342.2474406227369,1416.268090577818
150,717.5997166848904,1223.669139252569,11.635839364508245,0.0,0.0,14.283875328670252,1160.173143931111,15527.01958996911,0.5563239808023303,897.2934255777878,1647.0061386575526
151,1238.8185976429925,1051.584316188398,8.436098967645279,0.0,0.0,9.770439318374462,958.15,30382.38617254535,0.14980406697935245,506.6567457009855,1879.1674560167428
152,874.5065878923208,1314.6180197808053,8.689107872761628,0.0,0.0,8.990272098598439,1273.15,9607.104775746562,0.19947703537550854,685.3924169505265,1458.2612122157404
153,1213.6022265468887,1239.1784446514334,7.795084024751044,0.0,0.0,7.956629911510348,1116.3606165486717,25646.85545273253,0.3525612575903316,521.2129306549846,1290.5103499160762
154,1517.6957532769736,1276.7193567738873,11.040711490358952,0.0,0.0,12.559303387553964,1273.15,34468.959829512045,0.07788912960668994,437.83955393619783,2002.2835103778214
155,2920.4948556788577,1347.3301799020992,12.77179484151597,0.0,0.0,13.22386260218823,1273.15,965.9030118329432,0.317905191882132,3486.913475522648,6812.404390512704
156,1280.8486989683834,1032.0722183646644,8.2988456933258,0.0,0.0,8.430195186272961,958.15,18544.97069399857,0.09916833197330001,618.3887056122343,2706.030059208552
157,2148.773153899325,1330.0925056837132,17.088025842871154,0.0,0.0,21.100911700524634,1273.15,14052.730952183463,0.4304512466590796,2389.5917683560406,5904.296676281497
158,2379.149127237237,1421.052737964459,14.796345968338665,0.0,0.0,18.54903230747966,1273.15,12869.547185803685,0.5716022870354668,3188.883203385564,4287.5204345671855
159,854.8842334258271,1319.556924521085,7.130681926856512,0.0,0.0,9.039249817790502,1273.15,6296.897667798559,0.24821924673116275,1240.205172010161,1323.95014064689
160,1197.0384788229285,1056.831697011798,12.075157147255618,0.0,0.0,13.598690454779453,958.15,23412.356665677842,0.28462567400139427,768.2348258521071,3691.078758486698
161,2512.85380421595,1326.4395454253277,13.743266376946465,0.0,0.0,14.623520155726542,1273.15,24979.890700649765,0.3852938841240229,1217.9084918978056,4349.924642911966
162,2663.0560204005237,1358.824504504696,15.719108401206144,0.0,0.0,16.700183550162205,1273.15,27922.72143487624,0.49283367941726947,1248.8287047988395,4407.942176594804
163,706.5053207139975,1048.170909219577,7.0,0.0,0.0,8.069894458872557,958.15,28412.49828647451,0.16374357906441628,318.4686101327413,927.9945188470507
164,1673.5615971456587,1369.104623675777,12.232462655126595,0.0,0.0,14.964550363207012,1273.15,9010.739736878713,0.25144523997960244,1902.0273398236725,3009.814424731419
165,1764.855838240769,1411.4895384303913,13.031367521665585,0.0,0.0,13.512790911220922,1273.15,24786.96475994766,0.5415059166854945,967.6207199560201,2313.7823365872723
166,2119.089176524242,1324.6677726724815,13.559772160626467,0.0,0.0,14.014230791055041,1273.15,3139.144827076129,0.5078306416434007,2844.999122254997,5849.835040138332
167,671.5208718135958,1029.456687205486,7.0,0.0,0.0,7.083830003030992,958.15,29479.082767061413,0.1882752578202201,199.63042910525513,959.5759470695407
168,724.1832383837356,1015.8049335076777,7.0,0.0,0.0,8.183488965111794,958.15,34342.99263247087,0.3010584112214046,286.1244774384502,1021.3140886618002
169,2894.3733167133432,1301.557156695044,13.582122363863304,0.0,0.0,15.867166044107368,1273.15,18201.708499487864,0.17783293792368332,1994.4411455274048,6124.5086816364565
170,2616.500955592486,1396.7594168370028,19.16663640952151,0.0,0.0,22.636183935738167,1273.15,5625.414110344497,0.24522172581307716,3182.035546443213,6979.946655346422
171,1519.2931273526362,1393.0477544691348,14.83955497961798,0.0,0.0,18.69482921589905,1273.15,1216.1057864163129,0.413494696943151,2836.6438211435216,3492.3563885791536
172,1033.7078573981955,993.8012362049944,7.196865634538968,0.0,0.0,8.566641607467217,958.15,14609.022993684943,0.19426198143761264,1053.4616380766447,2535.8461690186264
173,1338.7235354908873,1284.3117601623596,7.210944279129796,0.0,0.0,7.810363417811519,1273.15,17669.317265084246,0.20425971544400984,834.6187675237348,1896.64967569808
174,1257.8737697673419,1380.0740730291682,11.079352837361673,0.0,0.0,13.992314084361102,1273.15,12173.879373042735,0.5176319294200623,1692.9247445219135,2088.072146479175
175,1785.2184251002416,1394.3609560460186,13.8219877207734,0.0,0.0,15.880225417839497,1273.15,12516.395860896664,0.0676047587604517,1437.883398093592,2979.516735071152
176,2613.044053019213,1288.5229892478458,13.887200217275712,0.0,0.0,14.035140763965684,1273.15,22317.880209088093,0.452891607964064,1395.153954880671,5717.3425114399915
177,2220.817850699179,1289.9821541152432,13.454083857300187,0.0,0.0,17.191872986692534,1273.15,4035.209313459233,0.28604544456174025,3511.7102020392604,6495.8418495164915
178,2544.1845414152695,1299.5236313964997,16.762078889749663,0.0,0.0,20.889157054842578,1254.21916056186,511.66755598862466,0.21010743048165115,4256.7742650149075,9193.295828127837
179,1157.9588435049277,1410.5705030552772,11.318941938618869,0.0,0.0,12.846052781104664,1273.15,10952.644939166386,0.21860840386491037,1025.8399534214757,1645.5402591540426
180,1452.3976537076412,1339.594966706643,10.406394670969096,0.0,0.0,13.247273404656813,1273.15,25924.590413432965,0.5274509803668592,1091.3701976979148,1987.1178632291355
181,1446.2221744336025,1036.0795844916825,7.0,0.0,0.0,8.961856072390491,958.15,1822.9686180056065,0.5575918946302155,4165.8002825235935,3778.2678761798416
182,1940.9798151131556,1344.3284413647207,11.502257718000052,0.0,0.0,12.374250010283632,1273.15,18043.895158537827,0.4277905292822425,1378.0879824168055,3217.113562507988
183,1140.404823018205,1357.0450820806027,13.241648412259538,0.0,0.0,14.519237031758818,1273.15,15441.0621824339,0.2829409333628295,823.8200403536271,2049.196917762965
184,1906.1017482624757,1273.2603096070115,19.50731670321674,0.0,0.0,19.917455550622147,1273.15,17302.82233700014,0.33781321612177523,1169.521460990651,7279.497577002185
185,1553.0409215708862,1055.4813032853585,9.807366305956753,0.0,0.0,10.59452776488244,1024.5453755821623,21883.606163147233,0.5811185380466606,1369.5227018227856,4524.287756338944
186,967.8248218714367,1158.9078292681922,8.108962498154323,0.0,0.0,8.641621592777321,1138.6815673421934,4834.690156057722,0.3971177971183114,1209.4802645816944,2379.837595917549
187,708.2571845452877,966.6428673503855,7.0,0.0,0.0,8.20712211370234,958.15,25405.517211067647,0.4241295223277816,555.0844882322109,1754.456993210327
188,1059.6265000104918,1290.5729547987958,8.644650208538357,0.0,0.0,10.281533049159636,1273.15,2124.184097900588,0.4460365398957431,1859.2364731750554,2366.9419683297265
189,1461.159128125357,1316.8560874215732,10.770485723829955,0.0,0.0,12.64602967149211,1273.15,17803.17315054909,0.33340843586804864,1141.182773614232,2491.9045023690514
190,1163.8312466637374,1273.5852596226284,10.468858964718711,0.0,0.0,13.342944480355543,1273.15,13831.44764807566,0.4841080169242134,1473.7312396873178,2601.4895851512388
191,1230.0662502680177,1395.7590631385706,8.597481569795793,0.0,0.0,8.91886602762105,1258.925736206129,18906.993783290047,0.10977619959151518,619.319876761205,1248.5807956851413
192,1505.1103306085265,1227.9011813488644,9.257037457964438,0.0,0.0,9.889714976252463,1180.4596645729898,33697.09904912396,0.5904062639881797,635.2342989455367,1945.878770051937
193,992.9323662036594,1228.0044622810785,8.916740458209343,0.0,0.0,10.582772687961311,1194.1236834568504,32492.14666240765,0.35020506017099945,417.56935066836724,1240.420709123527
194,1120.9225654395134,1022.4619336075614,8.026865591577705,0.0,0.0,10.383543752998763,971.7122769407224,15607.037480436922,0.2617332363437609,1387.4660589342366,2739.284141723724
195,1693.3565115571187,1362.761544062541,12.655061772660284,0.0,0.0,13.368603735155153,1273.15,4746.935513434778,0.38075606832133735,1915.5871125436809,3556.1641027467954
196,1954.1087671277244,1397.6233020602426,13.581225140845667,0.0,0.0,15.008098078164071,1273.15,26584.95592599523,0.5795919094951889,1160.9173552671161,2680.3346246217457
197,662.2265703792757,1006.8253264327977,7.0,0.0,0.0,8.61697696271062,958.15,25035.348079200747,0.40318943359689396,544.7350702162968,1259.8434066009804
198,1698.9073553262458,1281.460592777737,13.438462637172147,0.0,0.0,13.862994167108312,1273.15,21132.440135336587,0.37245424571182234,916.5881763546448,3750.7126277067287
199,2546.703457238712,1408.1245750960602,19.161842566730243,0.0,0.0,21.542833446077463,1273.15,33856.25404698325,0.5468734371160182,1043.3972991258408,3709.051938190363
200,1768.7755442061182,1277.0793091248427,9.804583692862275,0.0,0.0,11.050743112422468,1273.15,5738.094382083145,0.40985361173810697,2297.787250201785,4204.136614106695
201,1735.2868135966555,1372.5966853246196,14.594904985367581,0.0,0.0,17.10053628566637,1273.15,12598.583931245106,0.47686610924909506,1901.3960448839905,3553.0564959830504
202,2131.1217905000394,1085.4817749317301,15.552296083470784,0.0,0.0,19.838238768402835,1075.316005756371,6543.853690300221,0.4850059683421225,6362.913998291684,20210.773141941263
203,836.4128096380904,1150.2631857660474,7.291000881995531,0.0,0.0,9.306361682316268,1132.8231001306906,6728.770197281509,0.17903045482643187,1204.102103245376,1769.4145896408786
204,1070.703806532706,969.6430034355474,7.0,0.0,0.0,7.776109441413421,958.15,1705.778067422553,0.10415107743668894,1504.2546610011996,3585.890457745016
205,2188.254761324488,1302.401236597208,11.258009119599759,0.0,0.0,11.85450310814004,1273.15,21000.042437242217,0.5756056052724197,1582.5480153355684,4096.694269294128
206,1483.8453868482338,1321.5115916980599,7.63368176413021,0.0,0.0,9.73475166343674,1273.15,5437.004371628176,0.059569670087855124,2069.98978916455,2330.8943989715744
207,2440.8541362611422,1407.357160834344,16.780208343251722,0.0,0.0,20.017094529925803,1273.15,31140.208711871823,0.5254526023014503,1243.2173919075685,3376.935755426672
208,2103.7226918943156,1029.555374687865,12.450578395097697,0.0,0.0,15.631333466532958,968.1642041255153,15943.152119814875,0.14261031488883746,2653.709159559629,11002.688281966806
209,1308.5415961369827,1388.600152441321,13.597525928688706,0.0,0.0,16.84319936438865,1273.15,29295.84448563608,0.17545482784289956,591.3978089905155,1582.575212472548
210,1420.9467784009237,1401.210502889644,19.332726922276184,0.0,0.0,21.16714377927218,1273.15,16536.46251149525,0.4635095498039712,1151.5725980645386,3228.658283911083
211,963.7149749565574,1179.2972894801696,7.431196097410598,0.0,0.0,8.463764993715834,1128.6079910372823,23307.01734054314,0.3551138996670028,601.025457459308,1381.2533421210499
212,2796.577340356205,1308.8573178609531,14.233434583185858,0.0,0.0,15.22171349171967,1273.15,14250.301927362634,0.5312586649755265,2643.7073528603437,7046.320550020944
213,1217.8362684907738,1364.7112566315086,11.837994509784162,0.0,0.0,13.665318822359744,1273.15,24235.96332484408,0.1693622464385351,615.1441463124469,1600.724489690842
214,1181.8768913489562,1045.3607128927206,9.442697782424192,0.0,0.0,9.921649890219085,958.15,20323.766104722767,0.11824720945127026,592.3811829244466,2663.052066916615
215,1263.921951995934,1050.2956504413728,9.997327093611235,0.0,0.0,11.953321076529898,958.15,29583.736073091608,0.07284215574681616,583.1109625644879,2470.020655638425
216,1782.8665621931,1346.4763585565265,10.845226004802102,0.0,0.0,12.444342328296612,1273.15,28011.743404095076,0.4050267754915942,886.8364760348851,2247.5227768171026
217,1560.859181935159,1343.7344332576045,16.36085455699954,0.0,0.0,18.526532354449483,1273.15,4385.575670706632,0.5335905184543066,2445.111568427596,4765.503739121064
218,780.8765020435072,1021.4416983528505,7.524490977128436,0.0,0.0,7.619578083246023,958.15,13493.516703507448,0.3198592164083082,572.1368091257503,1782.0531273097617
219,1152.067089612356,1415.027958425766,12.778771124684617,0.0,0.0,13.715738552730674,1273.15,11023.86751069963,0.5531626840655964,1246.228933058688,1957.149117813182
220,1167.5767937572286,976.2318585696437,7.8325936709059825,0.0,0.0,8.745963354253968,958.15,5749.6229801708105,0.4259759035208323,1975.5715365993512,4582.869846068762
221,2066.9376221877346,1375.320151115914,13.743955465484836,0.0,0.0,15.892893745657101,1273.15,34551.21409235966,0.3419241738197252,701.9144945034818,2367.2827274466167
222,714.2738670088977,1057.742911824089,7.0,0.0,0.0,9.081630959792239,958.15,32786.12792069055,0.39390280193519295,418.67294965543095,858.9449278930241
223,778.9919996545194,1290.3070800910764,9.37177361065069,0.0,0.0,11.011576639746044,1273.15,32244.37700239547,0.4080819246780256,338.31728120476964,969.8200150607225
224,1196.2774228317598,1303.3425959115302,14.124386317203799,0.0,0.0,15.1134061426017,1273.15,31498.984029975392,0.3104174898766651,395.0045327045074,1934.0393461186388
225,2388.7692196835887,1274.1088051913805,14.375072280877232,0.0,0.0,14.513367195910634,1273.15,6027.0872355442925,0.23988685785329605,2109.60059254897,7745.076508091229
226,985.8016872879698,1301.2554905230108,8.958874282334401,0.0,0.0,11.573732546916084,1273.15,6597.050282672285,0.5034969465800653,1793.4062973206428,2056.1034733140655
227,2117.835600324822,1342.0811146303508,16.273014963221044,0.0,0.0,17.483110002815373,1273.15,8916.951136815389,0.27230349799842524,1927.4023445420498,5546.911101236976
228,1303.8741859631912,1026.48046597648,12.57466737883222,0.0,0.0,12.909838723055953,958.15,13976.14629519406,0.376054785793365,1223.3507148037986,7715.048450355346
229,2060.2740587728044,1329.9833127262682,9.592863932931316,0.0,0.0,10.434862396571894,1229.761106633074,34186.14866199096,0.19161857200156868,581.1415141383238,1878.2870358162777
230,1422.6431314962538,1100.550538838364,12.861913956503672,0.0,0.0,16.190228864983734,1012.5973779661414,10843.465290173875,0.20223133902407014,1933.00778526695,5084.8207489242795
231,2351.314188679399,1303.7505518991538,15.720993227200974,0.0,0.0,17.57378367821621,1273.15,11846.480465451077,0.09460996343084829,1893.6815698860237,6512.969436844146
232,1150.7186965604017,1022.5100443618363,8.836518354944348,0.0,0.0,10.700078395759455,958.15,21367.165328354233,0.1400859662027057,858.0463736261094,2707.921316193543
233,2888.9423173380633,1361.3178792628414,13.623952315995083,0.0,0.0,16.408238802166082,1273.15,1486.8472168021285,0.4761566140105253,5272.113309717478,7049.391739882183
234,1035.6676484394882,960.7868453327269,7.0,0.0,0.0,7.060652146586309,958.15,1945.7941681437137,0.33960792565517167,1317.9356752022275,3960.2116946589053
235,2824.82205858662,1406.3389207188761,20.212561844220698,0.0,0.0,24.263101073684812,1273.15,31818.93427294078,0.537735218897989,1435.8492622294089,4619.785742102747
236,771.3642756798567,1014.6113118678581,7.340473848884509,0.0,0.0,8.530776464836476,958.15,8807.591845200745,0.43144582021185107,1190.9236244411982,2015.0595529513203
237,1381.8775137304356,1347.9032690020367,15.842584725752785,0.0,0.0,16.24089461996705,1273.15,7698.734914425935,0.24974108556070956,1179.6421793153104,3490.7212152707993
238,1384.5221850555229,1371.4380577068096,11.35511857459022,0.0,0.0,14.323182198741568,1273.15,24874.45572680974,0.589096591696068,1138.7991935975792,1900.9036527750616
239,2179.952779391141,1112.0515614845824,12.148392644123449,0.0,0.0,14.02113616784073,1045.5892459577913,26912.832354980153,0.16776331496081065,1050.3234633672832,5104.300446480437
240,1479.5183467329132,1328.7252558398418,11.559215635824609,0.0,0.0,12.846506559884585,1273.15,11300.041675774497,0.5438680878833518,1705.4478782119058,3100.767940300464
241,2102.732996929854,1416.1910451199838,19.42556243651669,0.0,0.0,21.555756394078873,1273.15,1298.8085394577577,0.3619336056980652,2930.0658604631517,5785.072351418673
242,1123.7577852045818,1039.2812146090305,9.347993053000234,0.0,0.0,11.901089109619265,958.15,7930.301528830915,0.2987072489831161,1935.5956596911888,3306.7926066022164
243,1191.9734856063294,1408.4115179886421,17.353729133050592,0.0,0.0,19.332177095055464,1273.15,10335.167752567773,0.5405358777470604,1404.6612252913267,2694.3663108799637
244,1258.9222654579003,1229.2005267554484,7.0,0.0,0.0,7.430234597953831,1161.9251616761742,31963.334369465414,0.41433427469009676,467.85752881719174,1287.9353213818258
245,1783.8210169162662,1290.998130739678,11.963497269514555,0.0,0.0,14.49339334753998,1273.15,17225.896339212217,0.34293149345503876,1540.6703796875897,3698.922953809989
246,567.5979680831854,979.8967197738237,7.0,0.0,0.0,7.1792589911820315,958.15,13131.162553815277,0.15154453103496607,378.30918361088237,1507.4126394207904
247,2253.130948798854,1340.0838958609029,17.144736526400866,0.0,0.0,19.59242084407061,1273.15,32559.688451112936,0.5100482093501565,988.3046075142726,3815.9710106461653
248,1705.9534414388643,1112.470620317264,11.633824947913451,0.0,0.0,11.765794726486833,1064.562791106271,10517.541656020083,0.5356967884425294,1911.959310955858,6057.226074168396
249,1335.3828837543415,1416.308961029576,16.439795699029514,0.0,0.0,18.135353367188976,1273.15,30829.345473206828,0.27077002395259947,470.00251066561253,1687.4475060662528
250,761.2458473890259,1046.8888860180866,7.0,0.0,0.0,8.756721883422898,958.15,20996.676418549552,0.08381973073565077,592.6902274119012,1151.0219082997687
251,2784.2055215950695,1137.4664579980827,13.369300690194335,0.0,0.0,15.651039057639402,1100.5704695247982,32970.3396165732,0.45601097822892583,1344.999069060963,6222.056422173159
252,2632.433655277964,1413.500809404447,16.79973536383674,0.0,0.0,21.56612040993529,1273.15,28081.323456030634,0.5765168188381093,1862.997254692733,3914.0901094756373
253,1165.5379283756372,1187.522000476854,7.474932873526123,0.0,0.0,9.522477583894833,1070.1082847632147,8524.698618073933,0.23685576550528697,1567.561047772602,1736.6951507988854
254,860.7757901769191,1099.3778240327924,7.2334110325572905,0.0,0.0,7.941954030533483,1026.8891605105846,7480.299096625531,0.5869189058526677,1398.1648271015445,1970.2314083200185
255,1173.8041429708576,1305.619956667053,7.0,0.0,0.0,7.9035425552862515,1247.2617445379638,22773.735393762294,0.05030281750329058,601.076324990398,1256.8270307144423
256,2718.1044012764514,1358.1340587716527,13.737064831352695,0.0,0.0,14.741931086855848,1273.15,17617.60813687411,0.3020889335280415,1736.9086368653218,4815.60748661461
257,1049.871719974332,1026.1202617615613,8.921865068151622,0.0,0.0,11.460548039631794,1019.6079065975435,11442.778097664303,0.24448914688365225,1536.8608942638366,3605.6394815347767
258,702.4162566529155,1031.7072509366649,7.964877999610377,0.0,0.0,10.066244407857779,958.15,8008.316944749919,0.28882603944762647,1153.209630529302,1736.4419817847543
259,1782.0854069467264,1393.1709928766636,18.743571405528254,0.0,0.0,22.47177217951655,1273.15,13525.596156339665,0.27375874643819087,1642.3299532033463,4097.081261578242
260,697.5930811100226,1128.9047936204595,8.280612374814126,0.0,0.0,10.332335040075842,1049.1883198072537,14850.002947961071,0.12121782513145431,677.0354001341415,1229.4685594812752
261,2519.374474939663,1351.6857995984,14.600827968342454,0.0,0.0,17.739802761389388,1273.15,10445.4579152911,0.2962999880268609,2754.9050808095026,5523.877767280288
262,718.0632461729208,1035.025109590473,7.0,0.0,0.0,8.690303313588098,958.15,9323.66963992237,0.06191157574524134,928.2327398463101,1396.5169138188278
263,1167.049196002492,1362.016111071665,17.464563175949976,0.0,0.0,21.241016875399332,1273.15,25572.06674501886,0.5940793288309475,894.76481755634,2314.916929782056
264,2062.532804735556,1390.2484536939314,14.401327973591744,0.0,0.0,16.529588404310896,1273.15,29381.990448298406,0.3901398220662438,932.049895653313,2685.2843319810295
265,1285.939103140752,1366.197942156366,12.719889652289142,0.0,0.0,14.21433613482323,1273.15,2998.3470464498705,0.537039136220078,2066.72383986763,2929.8596161206538
266,1452.585228762016,1342.2829197905953,20.81504456574197,0.0,0.0,26.31995994740968,1273.15,29158.051774199346,0.09091929068191831,680.3121065154237,3131.934904245909
267,3213.908443101594,1392.6830213154549,15.994007146466366,0.0,0.0,19.51814895459488,1273.15,29716.216698558,0.43981990618010613,1672.2728636873983,4540.685575865376
268,1006.9669511624028,1069.8951119788212,7.0,0.0,0.0,8.071286689595848,977.6063020085874,12742.469833093715,0.4942605938964609,1313.9468014241422,1905.6029917510677
269,1955.562036179028,1329.7195670257424,8.698811253202225,0.0,0.0,11.032885920855579,1273.15,19787.453633043766,0.05785865219695011,1417.782398746734,2508.405772954741
270,1348.3972448797977,1371.210353099992,12.103554348158418,0.0,0.0,15.603434980564941,1273.15,7238.66578428005,0.224021573449312,1796.4734277280343,2448.26331530422
271,1775.6846880480914,1363.1290019088797,12.3882302402039,0.0,0.0,14.586775518945192,1273.15,14737.138489321549,0.37492318263263635,1622.8726116192342,3062.2739101777684
272,1198.3237793408853,962.3780016107806,7.0,0.0,0.0,9.028880204605677,958.15,24702.072192332904,0.29236078578924907,1077.8762461043646,2991.7104556969825
273,2310.626325534213,1060.6181196975583,16.228092625506182,0.0,0.0,18.947041784141216,988.2244307080312,21619.07716581289,0.516324569307393,4547.47856998518,24020.596874207724
274,1807.7594702062895,1386.753676117287,10.351082609949788,0.0,0.0,12.503919575036015,1273.15,27993.90669959749,0.306195206889696,898.5171169707164,1891.340097522268
275,899.8985105998829,1365.8296785515918,9.66589130838215,0.0,0.0,9.958988669862089,1273.15,333.4525157011612,0.055877613325221655,955.6599079176648,1541.0787558784348
276,1914.558966772904,1306.7170638719945,15.213071501234491,0.0,0.0,17.63608074781675,1273.15,15054.22073677065,0.4008444939744108,1765.98873910586,4949.153483535952
277,881.2407303075377,1011.241088211963,7.0,0.0,0.0,7.129540365515978,958.15,11920.263521317514,0.07335469409552305,575.7032185120958,1908.3176693483013
278,1806.2977682820122,1330.6330144958083,10.289064993809314,0.0,0.0,10.557108368061442,1273.15,5479.463015470328,0.3279324340743956,1795.3694092723183,3542.042341090442
279,1987.5847778262314,1412.0702620437996,9.580627844005955,0.0,0.0,11.113218716375593,1273.15,32000.585383416976,0.3322816161937737,766.117892292217,1681.5507961777748
280,1883.803732365383,1318.3006542550165,13.876383338236348,0.0,0.0,14.009488831120043,1273.15,5069.723522391365,0.38185034116431216,1945.0424544339653,5060.480740731365
281,479.3714346185029,996.3824256480377,7.0,0.0,0.0,8.835898729245805,958.15,32360.131663757656,0.19585478027285058,241.50477111540548,780.9213582916312
282,1925.719303891006,1350.154733978075,7.938365535437139,0.0,0.0,10.09226691955133,1273.15,28793.608703592075,0.391413516861512,1108.209471343094,1914.0363095098764
283,2165.3151605528083,1329.8599453962483,15.878393329054468,0.0,0.0,15.888009705511683,1254.7613174152261,23059.250330456176,0.5496087520872748,1232.5715112435585,4432.220200319812
284,1009.6037606784533,1182.738580700762,8.254328313115161,0.0,0.0,10.676128082096962,1074.0244162632562,13920.109432429088,0.3069013533758013,1176.2575839950093,1563.6565990415486
285,2381.2382620940225,1304.2666900973463,18.70640060166751,0.0,0.0,21.42880313826481,1273.15,1548.9812110528999,0.31411789029169374,3530.996186795184,10382.283878452205
286,1714.1400756373205,1420.0414235470707,14.803362324167221,0.0,0.0,16.14026412648238,1273.15,29969.806497856644,0.26586228734214934,615.1593167530514,1996.3536880459922
287,1750.850092780679,1280.8170776153584,13.117181121809983,0.0,0.0,14.439804679182824,1273.15,18277.80655919122,0.27155880852402586,1132.0334033799625,3959.2857070949008
288,1103.0404477519794,1359.9646889908104,10.876593633733899,0.0,0.0,13.377728355480386,1273.15,28324.156791681256,0.5205965497589343,687.1234332993494,1372.3701111301564
289,1168.9361540762477,991.702574318216,8.654796602544163,0.0,0.0,9.607707477407839,958.15,33232.42276192096,0.4175923770761661,525.0333266896021,2658.7270073933814
290,1018.7413226286054,1307.8447051402768,13.465473216394996,0.0,0.0,16.20589201929038,1273.15,33612.46487582321,0.5857336300139298,518.6494520133792,1550.2861901282463
291,1666.3057880997605,1382.2706280124166,17.419809700736625,0.0,0.0,21.883059088676927,1273.15,34650.66230511637,0.051695601171658445,567.18976932076,2218.1659790903464
292,1136.0348470525635,1041.901378198268,7.0,0.0,0.0,8.500802034951958,958.15,11176.510499657483,0.2873135350929275,1448.4119300398056,2169.319689202222
293,709.7491567676518,1003.3063942294817,7.0,0.0,0.0,8.619185580230777,958.15,6667.0545264443645,0.5981856366920563,1764.6156340865282,2149.7997339680733
294,687.3404861931648,1303.484432198642,7.0,0.0,0.0,8.062464967300514,1273.15,30527.718820650058,0.3001405735661503,288.3027521754565,688.2384635003824
295,2352.4995603773573,1350.469590912549,20.025612649359342,0.0,0.0,24.17740108022894,1273.15,5948.314876012905,0.06571096286525485,2811.2771768967627,8023.592428166732
296,2010.5020555630933,1211.9306510768956,12.480354376978333,0.0,0.0,13.12717232949873,1110.8564742131357,7617.706795913968,0.2876413662125625,1920.6998587844662,4837.2941779362645
297,1500.711328737892,1242.9524835909688,12.224433091857064,0.0,0.0,13.214036276609006,1199.2820356932202,30452.756016570747,0.5150640424086964,679.2403349155661,2511.52912264956
298,831.2929231125493,1014.4142482189261,7.0,0.0,0.0,9.058808355708566,958.15,27012.45614328258,0.5776179878907926,872.6596567163996,1556.9001488327824
299,1599.023362661282,1363.8391664614046,8.913246283584284,0.0,0.0,9.15984017999791,1273.15,27621.427298752373,0.48095606389224094,714.5375698731385,1732.045221929381
300,3000.3455969438396,1382.6658908853415,16.202291792968513,0.0,0.0,18.124732322971504,1273.15,32437.808894325277,0.5490274101851681,1320.1747135275925,4237.614271213079
301,590.3908466733371,1048.4160653153654,7.330203781458271,0.0,0.0,8.838165562616123,958.15,15182.751308284707,0.4886889942568865,778.8425595866152,1167.3379850783808
302,1064.3910426018776,1321.7627773187428,10.950662922587318,0.0,0.0,11.86416988842829,1273.15,24716.536404611878,0.41699651085826006,564.6445407827731,1593.4681945216148
303,738.8969501201705,963.9211643667962,7.0,0.0,0.0,8.82190154304802,958.15,30185.39763451968,0.08910840199960551,414.12711176414695,1560.0775868892981
304,971.9925039825155,1379.992275442136,7.7681095106344165,0.0,0.0,9.976601972327936,1240.14141313585,26270.12864896659,0.5066187132467208,717.1046872728604,898.7220305706312
305,720.0089205420298,997.024888792271,7.0,0.0,0.0,8.856229105497961,969.117783109116,30116.008313571267,0.3241447343091118,455.61355222637536,1308.4750405591594
306,697.198408039633,1008.2677117584758,7.0,0.0,0.0,7.39838731590811,958.15,12389.874184923865,0.42393304880071775,710.8793574336588,1687.444827232441
307,1459.9727867760812,1336.2363848578975,8.063480087411397,0.0,0.0,8.466714117911675,1273.15,22110.84742423127,0.15331726745817392,674.491013716638,1676.366335524807
308,1564.6358338587852,1347.0813483652764,13.182989046808892,0.0,0.0,16.206168740408522,1273.15,10386.120464715454,0.2469650147499008,1696.1639885323582,3162.622437327872
309,934.4085773850446,982.5781831990723,8.258329246743065,0.0,0.0,9.505436079869042,960.3681593500264,12718.735382508094,0.30943272971277747,1090.6933724752753,3276.256974980156
310,1498.4674988258837,1385.048914619826,10.271295361470402,0.0,0.0,11.22424455701845,1273.15,27124.00664373032,0.25358824552178266,621.5160857001754,1580.5915827203014
311,1531.5276345984328,1207.2856776282497,11.11552656257816,0.0,0.0,13.43565486267848,1170.646662904735,18383.71187182687,0.23216883187248838,1198.7310175764649,3210.0805916555823
312,1787.0706602784117,1343.449156722696,14.975471692529991,0.0,0.0,17.751511740594324,1273.15,27680.436966780664,0.5446423899518802,1113.3329333070365,3052.846813961819
313,2953.5664580951943,1327.3132294334905,15.531998530144964,0.0,0.0,19.894433817013955,1273.15,8183.523321879955,0.47797699134502625,4657.189030729147,8337.783686749925
314,2417.9071819984597,1384.0985314509594,15.120365669629948,0.0,0.0,17.938271266562715,1273.15,15291.977708173823,0.5713989243111934,2683.301395050582,4800.921228620692
315,719.6728815979292,1251.0732946302824,7.048851866384632,0.0,0.0,8.99976940813642,1190.512466691486,1176.7020651064581,0.49115218575603237,1659.4806666116228,1402.5300722389436
316,1194.5343590977122,1326.7378718247137,12.886157969361104,0.0,0.0,15.24994256180757,1273.15,33465.1022479002,0.20879184624447178,412.2926489272453,1543.3397038034402
317,2290.1142326699924,1349.4257171577347,17.48387788783263,0.0,0.0,19.9036137371268,1273.15,27318.070108135817,0.09961079122144692,938.0792288262004,4199.44096919003
318,1642.6741025110723,1015.9565824019401,11.26420597772613,0.0,0.0,11.310706786418104,995.1376067937204,28665.955238852173,0.3261654101283994,618.4825819224309,6013.621594979791
319,2026.3968312996171,1402.8803396698136,17.48799963030571,0.0,0.0,17.77302460269224,1273.15,19719.466215179582,0.1251540131197085,947.1061988417538,3588.201906505478
320,2704.485888724824,1274.4304642518541,13.844568236311252,0.0,0.0,16.44247952721055,1273.15,176.21798375549943,0.37207529071343104,4695.408927787138,9541.047391273712
321,2500.610759981099,1323.7675226495112,12.91034889966575,0.0,0.0,13.01628726742284,1273.15,13750.63144058338,0.2968817492120586,1663.7032471833745,5148.645319117653
322,993.5468418913288,970.7360792076831,7.0,0.0,0.0,8.402876925150988,958.15,24628.488365850004,0.14412173304855197,646.5029789809205,2272.303269483485
323,574.3014744012863,1012.4221908881981,7.0,0.0,0.0,8.155074905940717,958.15,20762.56672757083,0.15076238504813483,394.82879447209996,1075.3867446516442
324,1016.2017207677319,1287.4812994652084,10.334521002303246,0.0,0.0,12.369267008866556,1273.15,775.794871464026,0.24642014259925632,1572.2184294268732,2501.802391360779
325,1403.5705995085764,1297.711402001387,19.004969726657826,0.0,0.0,23.567721292598307,1273.15,11550.98798622451,0.35417016899538933,1701.3908674690333,5349.186414520895
326,753.4190291255708,981.4229398408244,7.0,0.0,0.0,7.27879144509094,958.15,30376.23526040722,0.44301432154130027,330.73947886049933,1506.1238422584495
327,2252.6184877661685,1290.8758207313304,13.107035794016594,0.0,0.0,14.610234453850762,1269.2640564024628,34396.71373286836,0.26494181175045467,674.877149240552,3249.8805646340693
328,966.4246917142232,1043.5529087092566,7.0,0.0,0.0,8.270194569042502,958.15,33993.99036197204,0.23810954268091578,368.1625080216318,1164.2684472256985
329,1129.783309389781,1401.8624071578256,17.735487764499144,0.0,0.0,22.479585377547018,1273.15,22733.750972733345,0.5842452969335236,1024.8322563593827,2103.3931062639235
330,2708.021693042976,1354.0890289068448,15.64078486159069,0.0,0.0,19.849960842699065,1273.15,26466.66568868323,0.43476837512805183,1781.2544247378055,4640.6871389953485
331,1994.2937803394084,1321.2466963568095,15.134710694476148,0.0,0.0,17.38049295925135,1273.15,6214.943337176113,0.20537609010714197,2223.714853193009,5463.96207258368
332,1307.8890351829164,1365.9543845653197,10.507572240089404,0.0,0.0,10.660879465210389,1273.15,14940.783201553577,0.3471790020175359,872.2372916504628,1956.9733744249327
333,1064.0254759347984,1211.2440779343797,10.810416440632586,0.0,0.0,13.722860218402639,1204.8294272190467,12278.314385337,0.24260156717792708,1203.1894099514207,2628.757203342582
334,1404.1420929330402,1263.1298200353926,10.38775095743359,0.0,0.0,11.337201360586295,1146.6920889496437,444.2475886514035,0.46151934503825115,2240.49780701408,2935.7123897108327
335,444.89369202493657,984.8728492641185,7.0,0.0,0.0,8.238044250929716,958.15,10901.595504119614,0.14800400879665132,508.2062509491385,1181.7450752755485
336,776.1148323878172,1232.9992278535615,8.761065653170034,0.0,0.0,10.012348428237036,1192.99739077786,27046.842800406932,0.3582138965259947,398.7999719034269,1071.7524996247835
337,1075.263995241353,1281.0940542363553,15.857341589759223,0.0,0.0,17.037680531711164,1273.15,7511.008540255293,0.08164406712985772,954.3864327963751,3670.3072343790877
338,663.2335179713336,1090.5842331064487,7.0,0.0,0.0,7.376471485793681,984.038953786106,21522.1875195828,0.5584368794846731,511.3710648896519,1018.4490858924811
339,1218.5829926855238,1312.8381229133747,13.372130447405663,0.0,0.0,17.203861558619018,1273.15,27291.10362447889,0.2945985819369889,711.1651028241442,2019.5924624740092
340,1668.5607286920356,1228.061649817426,12.404068458996505,0.0,0.0,12.856993850941855,1217.2679895667493,31537.856826021267,0.31534071173385547,514.8585224684708,2901.2765259095036
341,1797.8965185403495,1245.2425559682897,12.685136432913188,0.0,0.0,13.418444881214727,1227.3517742521562,13069.238519998817,0.2063407511059437,1288.7523486034236,4572.396433299314
342,645.9126596496657,995.4779988674043,8.882114273578326,0.0,0.0,9.768883698283934,958.15,10073.432286352021,0.21339023319588662,665.0091584534523,2340.5214148252508
343,1237.5976444180646,1300.7373177491645,15.917997737887273,0.0,0.0,18.66987683170011,1273.15,11972.909907857154,0.4153146053330469,1361.8033003997677,3714.9576778382834
344,2675.189488519751,1396.2478735520508,17.11041696213389,0.0,0.0,18.468413972265925,1273.15,20098.098702969386,0.09816426025371572,1381.6131762070847,4695.925871785902
345,2068.7678496816716,1006.5598667677953,9.75586472288533,0.0,0.0,11.077741721042221,984.2173179817171,2876.3745732204625,0.4970398176615787,4663.016250454332,10795.98499911614
346,1055.8106115661287,1286.464691662993,12.328125923825755,0.0,0.0,14.74991343035016,1273.15,12605.159529187813,0.36079803868622745,1105.2173295702837,2525.129171303234
347,1087.5703821089232,969.0100626868274,11.17354268741226,0.0,0.0,13.226586861468446,958.15,20233.402644244215,0.5729843269293969,2204.8578588980386,8893.340415721046
348,968.3719039761842,1033.7508145941931,7.0,0.0,0.0,7.5532704320214155,958.15,19535.882453421338,0.3518143438465146,669.5596034863479,1722.4164359840001
349,723.8872009336782,1333.2225500996392,8.188659860338928,0.0,0.0,9.415630211198566,1273.15,27177.67485854482,0.506358387973934,425.6273784128067,837.0631332255347
350,1093.0520194594335,1011.5926262166197,7.0,0.0,0.0,7.900982670415881,958.15,28856.072715257746,0.220699106427802,484.4983391118671,1765.7401869704563
351,1439.9153461102912,1239.8528494776408,11.460639908276523,0.0,0.0,12.574649976985922,1152.6299050654613,17874.559081133455,0.1537173645099724,883.5696053441721,2538.871826593764
352,1890.3242648655269,1385.9753471948138,20.025398290528493,0.0,0.0,20.167569360330692,1273.15,17185.83789801695,0.5524250205560721,1424.8411184142883,4809.423247492927
353,2000.849085626067,1285.104245465709,10.609464732545305,0.0,0.0,12.828924933833237,1273.15,29800.966296135888,0.5236996202125285,1166.216051499116,3035.636622845617
354,2647.111797815917,1318.1172367600348,18.991242155866626,0.0,0.0,19.12818754259685,1273.15,16103.139193723444,0.489273086871921,1960.1814506425956,8479.558403603241
355,1473.5406055782466,1267.6937147320778,11.533568047440578,0.0,0.0,14.129471464023721,1191.5524194018749,32291.37832267606,0.10311114273476059,560.963963361609,1857.2143743399797
356,2585.1890079457116,1280.338843476834,19.985393796643937,0.0,0.0,20.101218958738073,1273.15,14491.305799146836,0.20761949244465094,1538.5409259026164,10395.685228288008
357,689.3903659121296,998.8942374695698,7.533949872562225,0.0,0.0,8.167596299504613,958.15,31005.968795929195,0.45180564517059624,328.7854693222935,1328.0146991008223
358,1371.1978917287865,1119.0579256381204,11.94640222176776,0.0,0.0,14.536611789799332,1010.9215197483434,13197.772794432518,0.18951737552188763,1451.3511613677588,3598.4795731200124
359,737.5253954530042,1052.136676212458,7.0,0.0,0.0,8.718609705523825,958.15,2310.681048007431,0.38311605868888066,1551.293786023659,1573.6455482980255
360,1127.2835597467595,1374.5950677826258,15.606821597504172,0.0,0.0,17.899703404441894,1273.15,23804.314436166176,0.10822522341036467,557.9976196128412,1814.8386573032726
361,1138.1273201687063,1190.8298506190447,7.132712950464007,0.0,0.0,7.984285473264407,1130.6756096476392,23105.818109221953,0.36481896285067167,696.5188666351364,1533.3200945997683
362,2136.419453609045,1292.0827300322026,14.058001645217294,0.0,0.0,14.69409978349955,1273.15,3710.5017083691428,0.34895784252757206,2437.236670604802,6612.798672829692
363,2608.8465234612668,1402.1743123596661,16.915679186975204,0.0,0.0,18.87853640450544,1273.15,11663.11483982434,0.11623626088642303,2086.575463893577,5195.360555409407
364,1369.0409464753254,1407.175217814654,17.275298555971105,0.0,0.0,21.545544220263576,1273.15,1657.6317376637824,0.5097196441543879,2709.192364374158,3554.627717402603
365,2929.6055675418133,1333.9321742559168,17.333776898532527,0.0,0.0,20.71006360957899,1273.15,21230.4591454158,0.550652093105636,2559.147031667264,7058.823217841113
366,919.1719836880038,1032.1449742234358,7.0,0.0,0.0,7.544872347260064,958.15,236.39856127180985,0.27678364424535173,1345.2541630089922,2147.198311672483
367,2122.9681067292972,1028.662898400512,12.656463997889153,0.0,0.0,14.024828716918384,958.15,20889.099462753864,0.2611358538764899,1602.551178285183,10505.494829117784
368,1673.8916961114357,1401.342512187637,12.495661824192323,0.0,0.0,15.460513072528414,1273.15,6921.2341183725,0.5928526260939178,2951.1504988182455,3202.9886770069857
369,1546.6652316121313,1053.7523018949246,9.19060004696049,0.0,0.0,10.33987918615896,958.15,16197.496941469157,0.08199036003542062,1131.6975617081214,3386.793810022755
370,884.1550905183299,1321.609098506165,7.0,0.0,0.0,8.491421748226228,1249.8063696690056,29114.81075261305,0.19845952157127655,408.16020539919504,799.0285590186992
371,2632.7197904535524,1371.9357321671932,18.399455681493034,0.0,0.0,20.372496561022267,1273.15,20188.93798017154,0.08002635047024045,1419.6954338936748,5521.277097249434
372,853.6423585569083,995.8418791058267,7.0,0.0,0.0,7.283756660271456,958.15,33400.879427962056,0.5553977064647808,381.6836595482787,1501.0863130766736
373,1169.7561645804979,969.0922839335843,7.945846750618623,0.0,0.0,8.135685115967258,958.15,31858.32127388647,0.20304776121585366,336.1596258688319,2769.6051535483884
374,1395.3211303485657,1377.4966279557466,10.156258107604328,0.0,0.0,12.08396334135636,1273.15,8456.925052445924,0.22805540548496206,1529.483834861809,2137.06948605108
375,1961.3934105476246,1323.5499278826742,17.870105107811547,0.0,0.0,20.39959253365212,1273.15,22022.244572115895,0.595485965828104,1629.464787778641,5068.856827080435
376,1688.0790869719615,1376.680086203598,18.824823512242453,0.0,0.0,19.960521325267763,1273.15,94.06002787441719,0.32381873034724584,2204.729431558545,5363.326646434359
377,2304.5805489117133,1220.735229279326,11.515841776494348,0.0,0.0,13.049091139112333,1175.7381074060575,13623.774253123138,0.22368980147172446,1913.8405890326746,5199.959065860595
378,1261.2588051046612,1215.4427735961017,9.556414126684965,0.0,0.0,10.005071551956776,1104.3336874504885,24508.382369548806,0.1568562880421639,512.4058860730679,1631.3496604968375
379,1367.2312487852828,1303.9693381595102,9.630329423551778,0.0,0.0,11.217165103799372,1190.8116820363175,18858.881461358378,0.08569272748774873,884.5891025616082,1714.7294276259495
380,2033.4650768900435,1334.1508405238628,13.118710411076632,0.0,0.0,16.401540263117198,1273.15,9973.672315154938,0.5785385592637996,3179.0623085623956,4784.6675377488145
381,1317.6879670349645,1277.7454177336804,15.801730913275163,0.0,0.0,16.92845909078796,1273.15,8625.209430299848,0.585200072228632,1752.6861709975212,4922.445372187536
382,1498.246650752632,1316.1471964522575,9.789751387499704,0.0,0.0,11.885390202711243,1273.15,34886.12080223534,0.09552161062440988,492.44536008263805,1560.847918605032
383,2048.8604892220415,1118.131553729161,12.944410624963034,0.0,0.0,15.812311613420166,1067.0645824868714,30662.674155018274,0.06268075109040563,916.2389167490044,4788.383947126448
384,752.2346852857523,1298.37671921959,7.0,0.0,0.0,7.1593273728624265,1273.15,3331.5753891252507,0.25649015310576617,771.4193484458466,1308.6773466822603
385,457.85547216651895,1000.4261643634953,7.0,0.0,0.0,8.5389293158067,958.15,31623.105699565385,0.32577314972473276,243.361427418681,757.6671409373841
386,2237.2671753400737,1311.353885081644,15.964224646118913,0.0,0.0,19.320491856560285,1273.15,2623.65731702705,0.4011632468147758,3725.2289018498755,7581.814472991899
387,1851.8766294412517,1030.345841237459,10.816068277087838,0.0,0.0,11.809811284131227,1013.5548833891156,3251.7794072301454,0.3887222201029891,3087.0806039443128,10036.083622837768
388,1374.6771544509877,1003.8056040271694,7.3411503879164055,0.0,0.0,8.587433048391498,958.15,20698.931119427445,0.312961069449674,1106.2635303016373,2984.872374712276
389,1049.4175973576391,1030.4624987695556,7.0,0.0,0.0,8.127198241646333,958.15,20017.53766157508,0.4869994843075044,1033.9491335236205,1996.2195109367406
390,1515.3452387808977,1320.2239499906514,8.645832631953496,0.0,0.0,9.267792771175088,1273.15,32073.165221074843,0.1379891123940556,453.23184388102044,1536.5497172217001
391,495.3341519482912,1003.4434823126162,7.0,0.0,0.0,7.752805836196114,978.3603261592328,9068.323560078614,0.24101843061731504,538.1446427680494,1311.7194266530803
392,2514.850300587483,1371.7794181497993,17.820479405512717,0.0,0.0,20.246399369352964,1273.15,4294.493871933366,0.39809745913009303,3401.938859644411,7209.045266047636
393,1422.540955877234,1413.6236824724606,9.407831080371169,0.0,0.0,11.182798549127062,1273.15,18738.041057494138,0.36903100618749973,1097.2516005472266,1596.0844475156277
394,1005.4263080197087,1071.0988440959834,8.934673459448236,0.0,0.0,11.596470534180787,1055.5347903405168,22158.716243854073,0.1898433129708767,834.2179416210663,2316.541651444654
395,1293.6999749483782,1400.8992193678578,11.415004235637783,0.0,0.0,11.923259810242335,1273.15,17403.68734791812,0.22869665274296125,747.5293916562869,1699.6101231352513
396,1762.2753731462867,1342.3806923441102,9.87710064644573,0.0,0.0,11.001972043321976,1247.3637486771536,23659.38884116663,0.22961638478128238,886.2982304620605,2095.5712000378203
397,1138.3232677394583,958.7215487286738,10.400409195688807,0.0,0.0,11.01948593652677,958.15,2509.9997602317917,0.502885812158375,2890.8737529257573,11867.24465299791
398,1853.2035586403927,1398.1720857079827,21.43223987302337,0.0,0.0,24.694505075740842,1273.15,18073.94323926619,0.15799569149756143,1224.099480100523,4430.128623780095
399,808.446150792905,1238.6754892229083,7.486249760361496,0.0,0.0,7.593013509538131,1128.8084874863116,3812.1656283259413,0.5168282805462776,1065.925443500955,1411.677052606463
400,636.7892775439884,1307.3905701598082,8.616006230343642,0.0,0.0,10.046999759981249,1273.15,3546.4425703580773,0.13399433738541494,797.0856830699227,1189.7242994095495
401,691.9184884649624,1060.0958183830512,8.533965813618305,0.0,0.0,10.97163893243349,958.15,16602.96113531859,0.23576278297132658,756.3036534137043,1344.5712335658736
402,1048.9912325511573,1210.4614666050818,7.0,0.0,0.0,7.36665551833408,1166.3906728317438,8887.991172319393,0.36716565874577384,1032.6925871756448,1857.1501811680919
403,1469.1093307367667,1317.5132650948572,9.79849695711893,0.0,0.0,10.506982954682279,1273.15,32152.515486520733,0.05271846110014042,424.386778005419,1629.589694277398
404,1099.1649603778365,1299.6557218567282,7.0,0.0,0.0,7.248646078647559,1273.15,4504.324146379006,0.4982005183789956,1423.4525450440703,2068.8678372233157
405,770.848437371685,964.6545335822422,8.200456507422727,0.0,0.0,9.34725041411865,958.15,27788.030762563805,0.5210296990841674,610.0827421313795,2379.8779266054103
406,1076.577350140513,1275.863194881967,8.71277807183268,0.0,0.0,10.959504448088829,1273.15,33331.97831887835,0.46707247729354834,539.6047112715769,1326.8462903755253
407,647.5380748232051,1013.8001903253196,7.442924030730749,0.0,0.0,8.343817810687181,958.15,25273.76977046037,0.34429253257718906,381.83692189808863,1236.7962186195973
408,741.2533768898332,966.4475245838094,7.0,0.0,0.0,7.541651161978386,958.15,30038.216061454576,0.22257174620276776,281.6726150019398,1566.6532546499775
409,1078.9057682667885,1211.0121398787846,11.17716309140371,0.0,0.0,13.39033863730524,1113.632255929207,2381.800546915361,0.14472426452181023,1537.9462308494549,2463.69752672565
410,1705.1436707760893,1379.2743705012758,14.964332841313558,0.0,0.0,16.08979497368443,1273.15,15861.83213795814,0.10692778554407882,1059.9536679008495,3039.3657421456505
411,864.231305429345,1276.0280689281542,8.741796162911788,0.0,0.0,10.506968228711042,1211.9480699834664,16066.248076408769,0.44204192184790086,859.7236302772783,1366.4326778830732
412,1092.1643407699612,1277.3578364500586,7.0,0.0,0.0,7.01080716387836,1273.15,18479.18473960403,0.44851949342947295,696.9841510726848,1655.7815292264283
413,488.3108929189343,1021.0907498982014,7.0,0.0,0.0,7.621635256279095,958.15,6012.026110152127,0.328811070098314,621.3798426266015,1157.5502714787872
414,3228.1306687189444,1412.336642406996,19.486499311533006,0.0,0.0,24.40425192087324,1271.5734148411598,27850.9736611092,0.43291383437084147,1912.518413545962,5397.6319352732235
415,1378.4951041064617,1298.232419576968,12.08400997398937,0.0,0.0,15.528967602484386,1273.15,15048.420128483127,0.3943311573268571,1517.770825386953,2967.7650627132443
416,685.5801320783429,1005.8851771273576,7.0,0.0,0.0,8.342642261364736,992.0106233427282,4997.322236015753,0.34141485947874267,1193.568468119832,2061.327997856521
417,597.6348673247255,1280.8121247898712,8.727365518200783,0.0,0.0,11.267133133941982,1216.767134270795,3593.826209001725,0.37824461826142886,1086.0878087493306,1147.054427000838
418,2391.9387450332256,1399.0308838881674,12.97528190051752,0.0,0.0,14.997732341846401,1273.15,19292.2674785162,0.23730671507095535,1551.974574024575,3356.8832030643403
419,970.8167592398125,1039.0457067845905,7.0,0.0,0.0,8.629731243874252,958.15,34732.5531321843,0.17039209940616426,380.74400726033565,1163.1001867535472
420,1333.3390506132966,1327.9180555569696,20.22257289738609,0.0,0.0,21.874858534463797,1273.15,3892.3080891239197,0.5879819594389125,2197.225370508451,5896.567559064539
421,2090.8611595839493,1296.7961445549927,14.615186722644852,0.0,0.0,15.18807330539347,1273.15,34122.24969422395,0.36381147069928843,591.1974139370568,3319.057025831697
422,1360.409491022754,1367.5393964581249,12.550506372767378,0.0,0.0,12.60397072191694,1273.15,43.37223215084718,0.4988693111188374,1910.5260847953482,3151.9215570218
423,880.8226421515836,1324.7944621414722,11.40977529419382,0.0,0.0,12.045299254943156,1273.15,9871.46509464139,0.4661817126715988,893.7701571444989,1853.0930208406055
424,853.1846494928125,1374.9649414338523,11.16276779655782,0.0,0.0,11.854407398033937,1273.15,12101.322269565086,0.20027925155280013,630.557318564861,1319.3159262073727
425,954.8781119569913,1219.6415440666324,11.789434444045357,0.0,0.0,15.205155344494992,1198.8973046778078,11697.25346040897,0.426810533924297,1329.6734970324305,2570.5487921236618
426,1246.2194303830522,1419.4680947208894,8.729393260192692,0.0,0.0,10.776278739464594,1273.15,16240.340942690931,0.4741121405814052,1296.0024998811382,1443.2926284009025
427,2208.278260204709,1152.08814579749,12.010423429216663,0.0,0.0,13.470714954664883,1138.844474317676,19352.69522831272,0.12798651288441742,1350.700450410423,5986.86642636183
428,1135.9303819014883,1297.0863332818176,18.558030280866614,0.0,0.0,23.178713050946588,1273.15,16320.298119462517,0.4639922655118163,1265.3825324549425,3865.7296783062566
429,1482.3543112080483,1383.719688095799,12.90077105070399,0.0,0.0,13.61244012838482,1273.15,8604.758715910908,0.10544897198192713,1200.3482232280815,2603.5980060116754
430,748.9038817975008,1060.5415365146473,7.0,0.0,0.0,9.01689883744859,958.15,7744.477154696385,0.4999824684906835,1545.13544012826,1511.4451731692427
431,3062.9944602160294,1274.6506372146741,13.845830787928634,0.0,0.0,14.504535171451781,1273.15,25474.69208374354,0.42183207413554535,1465.3653817841487,6487.944507834089
432,932.9338123634767,1002.7455531683651,11.73751867501417,0.0,0.0,13.603286889586114,958.15,31303.51562611684,0.13155592581218037,454.0417022790329,3722.338760643911
433,1977.0644390550729,1036.1431280503627,13.97408240686411,0.0,0.0,18.111470602222067,979.2125289582393,17478.819298206035,0.5966925575605222,5441.080556180476,15838.909512245124
434,1075.0178177885089,1075.427842016225,7.0,0.0,0.0,8.55658218539124,1044.1820596707053,17093.936526510606,0.20071483021210984,976.146065026597,2039.442952166802
435,986.0595921132523,1366.6259848186187,8.653032870338988,0.0,0.0,9.214123782041929,1273.15,13360.605841598826,0.387059760102804,803.3853305078381,1353.8541604790541
436,2116.6783545883186,1011.572415282059,8.965165513260208,0.0,0.0,11.01995973836248,958.15,11093.392995845625,0.2832650595565075,2992.238387784577,6802.626700197323
437,2510.7163780104042,1361.7982313542125,16.469485870169667,0.0,0.0,18.325330075993087,1273.15,33161.74535984499,0.28097777636362087,801.5438851417922,3597.942938359639
438,1994.5886584403534,1421.6468967747146,11.806168869377204,0.0,0.0,12.83942712965353,1273.15,20807.16238576797,0.3634124165674375,1178.060950687479,2427.132663541809
439,1193.0185108115961,1030.9337846186081,8.202163725670907,0.0,0.0,9.572498905911099,958.15,34063.679574614674,0.1768386254268009,425.6762118530958,1819.7510962358751
440,2448.576186138128,1415.590934917896,16.24464587991893,0.0,0.0,19.83752469854567,1273.15,9477.995406272048,0.2329368484841749,2659.13571306637,4691.226783106105
441,920.7421177976902,997.2232199399423,7.0,0.0,0.0,7.217700839944351,958.15,24219.200638691407,0.11058917355029133,362.137478956165,1764.1598205782304
442,1453.5849961629856,1182.2757700916368,9.531001025855854,0.0,0.0,11.68768781509993,1092.752660722363,33058.733289222655,0.38386464602548354,662.691977595387,1817.9044557067318
443,1613.2088709239329,1347.6757855998812,13.766886573900251,0.0,0.0,16.276408369862732,1273.15,10588.281091874054,0.25086715303911605,1617.1138914934254,3369.022232972538
444,1450.4136734939202,1373.9774100056825,20.254559885815688,0.0,0.0,25.01984737021151,1273.15,25782.091090202954,0.46007369478029414,973.2835825631109,3111.079097194739
445,678.2741880693081,1044.72362530503,7.0,0.0,0.0,7.32067670632269,969.0805205099686,5199.453573050621,0.4377087335812112,905.6441185937462,1556.3662380729647
446,2834.3698532462877,1384.5100787190545,15.772341554717427,0.0,0.0,19.123839817954686,1273.15,22246.244438641083,0.5385388916276141,2312.747764299905,4979.542977125514
447,680.8353085782883,1041.1447898090819,7.0,0.0,0.0,7.939550860720251,958.15,10770.536161420214,0.5916544422944573,1114.1739951127665,1538.0500037094812
448,920.1996768761078,1039.780639294398,7.0,0.0,0.0,7.763396267034366,958.15,26132.58692721548,0.27599253052745937,457.70531687195404,1358.69144514428
449,494.9970019949869,978.6154191105759,7.0,0.0,0.0,7.002009344387802,958.15,19239.498474766315,0.185090047306604,234.40736298456406,1199.9651687043668
450,2825.1449661194233,1310.495776875005,17.707415637590756,0.0,0.0,22.165743643540118,1273.15,33300.87669869471,0.10883611102331957,1051.9231645151801,5122.175747489004
451,668.7457842639584,1155.2702165565017,7.0,0.0,0.0,8.74676218716773,1130.0082284879836,2025.4773101723968,0.37904383287540183,1289.279124643547,1534.8675458063622
452,1197.0088889538192,1084.261847784596,16.671873200316917,0.0,0.0,18.05038371463678,1054.164097645763,7864.307888166167,0.49453802519796597,2608.4489985592086,14788.970051108297
453,2554.3766118248577,1420.8469309540465,20.374761405610496,0.0,0.0,20.778443514779354,1273.15,22544.391138576346,0.09636271697023549,1039.674400864286,4737.126698679305
454,1238.5374164161822,1295.300044116438,17.300709499821057,0.0,0.0,19.516134630083513,1273.15,33595.26541969839,0.4440977569565066,471.7589359903258,2353.2683467181514
455,2068.2959014284525,1411.025659784661,11.863406832691718,0.0,0.0,13.052832398317605,1273.15,21918.33772229997,0.505280334897188,1375.070659557824,2670.8754505670854
456,1646.2582957857187,1314.9173899448983,17.367288572467157,0.0,0.0,21.30816844675777,1273.15,24439.883196128158,0.5418457350893362,1303.7825511182195,3952.829118299074
457,1335.2397423186194,1292.7602833363208,11.108781720274425,0.0,0.0,11.759162450534438,1273.15,34822.4214966869,0.13878511813051783,328.47713702243226,1661.417337597973
458,2913.6897804229757,1399.5894133964794,19.660560738250123,0.0,0.0,25.01297170448526,1273.15,20505.396660023383,0.18555226845660466,2101.53527313533,5923.897400440674
459,1168.389173530354,1335.2716468331182,7.118898358303827,0.0,0.0,7.788066177550771,1223.6897241383713,7360.273643336368,0.16222965791126404,1111.9951729418763,1456.4848991303118
460,1129.4445551553806,1403.4364574617266,9.53857006165324,0.0,0.0,9.7010974513865,1273.15,22422.972458239656,0.5828265411921878,703.844879917931,1329.9778588622692
461,2733.1275973272773,1399.327339335774,15.458221914489629,0.0,0.0,19.768423746544883,1273.15,28437.736159811342,0.4412132449794535,1638.6545730933913,3786.8577580515985
462,1871.6915734593772,1286.2160830236564,14.8738511939674,0.0,0.0,15.21528151487571,1273.15,24092.420468579166,0.3743540526983738,860.0964018774961,4170.37059728351
463,827.9151404683209,998.0395763198532,8.005767500085344,0.0,0.0,8.30988991510442,958.15,32969.10044087097,0.5137161855653006,354.3932377127996,1673.7266656484103
464,1700.0669218057728,1397.2551988332648,11.873783256281119,0.0,0.0,14.766343271093337,1273.15,23939.683843967792,0.1616836643895806,986.9307926180312,2021.0806956044319
465,1586.5387355628552,1327.136150913415,9.952697895221922,0.0,0.0,10.806134551201309,1273.15,19852.00557858881,0.12438546148753417,858.2399427797112,2270.980601490566
466,1497.0596569841796,1354.7211537856501,17.147248743503834,0.0,0.0,17.377417970167723,1273.15,11543.182704289802,0.053473056446725405,974.593128603166,3686.0497595175298
467,828.1837082662898,1398.4115781518963,8.545433849941455,0.0,0.0,9.121247448886376,1273.15,24428.111198953215,0.281558240523729,377.40943583392016,794.0799567151764
468,1574.6728680147687,1383.2445441467044,16.024718604713925,0.0,0.0,19.10415322308282,1273.15,19041.766193901098,0.2795129961248227,1131.3168299679612,2838.0364878546466
469,1516.7109431351528,1395.7871900057012,15.154475343721005,0.0,0.0,17.02293786013321,1273.15,7137.877245404415,0.06525664971765242,1459.5788323835638,2992.065855547709
470,1056.9704064009845,968.3480961123875,7.013540269328539,0.0,0.0,8.587887915280213,958.15,11355.88018805661,0.5251121871746789,2058.021006740489,3593.5506323919885
471,1558.9935071721798,1301.746265132631,9.7684011456628,0.0,0.0,10.096993546951035,1189.2650718159637,11764.387440254304,0.4748176183418042,1429.783955069322,2496.89664857848
472,1026.393031603179,997.6999409336177,9.726313693122458,0.0,0.0,9.74535044043144,989.850588540806,20642.468043018845,0.12814293579444153,440.58266686220225,3870.173549211059
473,1293.9845018068074,985.7223746444296,11.163132364229186,0.0,0.0,11.905650971331232,958.15,25759.538930216873,0.0633447415295948,582.8134868019199,6457.771241548974
474,2063.089491708756,1367.650418489974,12.55351009877958,0.0,0.0,14.60453763554705,1273.15,6967.273332005349,0.41166775603780936,2640.690273470263,4114.4532165554365
475,2696.7797370921494,1379.91298924897,13.739401594422782,0.0,0.0,14.341669818061973,1273.15,15736.430354587179,0.16480387006918698,1622.6449804387937,4478.717261489443
476,650.6505903935414,1362.3957321517719,8.318061360666084,0.0,0.0,10.567389170111875,1273.15,635.8227188744913,0.08991590649532359,1093.3066747341295,1019.7690214978887
477,1637.547554770724,1420.383795908449,13.433370512119206,0.0,0.0,14.379812734413463,1273.15,28222.57661620921,0.5968185676837163,864.6790845685412,2012.8213390233727
478,999.2587850054986,1373.428966457348,8.391588505341565,0.0,0.0,8.902186695075216,1273.15,17720.041523713826,0.4362759168864998,703.7828269063544,1235.2317821586053
479,1330.4276220700826,1414.4045584406012,18.56041149712452,0.0,0.0,20.220737317707776,1273.15,14677.051084336905,0.2259635523536767,938.9651001880688,2695.9909288109857
480,3042.0652350315922,1336.8109148067015,12.850632275011167,0.0,0.0,13.508415198716543,1273.15,19450.178224166222,0.5621936782688284,2281.2942840519286,5715.721750512198
481,560.7252921560257,1026.715510172738,7.0,0.0,0.0,8.419821613514177,958.15,16007.466560710633,0.4586280013647967,699.1507868850393,1160.7557720021355
